INSERT INTO kod.PRODUCT (PRODUCT_ID,PRODUCT_NAME,PRODUCT_BRAND,PRODUCT_PRICE,PRODUCT_INFO,CATEGORY_ID,PRODUCT_STOCK) VALUES
	 (1001,'Beoplay EX Ferrari Edition','Bang&Olufsen',649000,'페라리 레드 패키지의 아름다운 디자인만큼 뛰어난 다양성을 지닌 이어버드는 무선 충전 케이스와 액티브 노이즈 캔슬링 기능을 갖추고 있으며 깊고 풍부한 사운드와 편안한 착용감을 제공합니다.',2,-7),
	 (1002,'Beoplay EX Oxygen','Bang&Olufsen',498000,'항상 유지되는 편안함. 언제나 나를 일깨우는 사운드. Beoplay EX는 어디에서 무엇을 하든 여러분을 좋아하는 아티스트에 좀더 가까이 데려갑니다.',2,2),
	 (1003,'Beoplay H95 Ferrari Edition','Bang&Olufsen',1899000,'뱅앤올룹슨의 최고급 헤드폰과 가장 빠른 페라리의 레드 컬러가 만났습니다. 여태껏 경험할 수 없었던 디테일과 함께 가장 좋아하는 음악을 즐겨보세요.소음을 차단할 수 있습니다.',1,0),
	 (1004,'Beoplay H95 Black','Bang&Olufsen',14480,'Bang & Olufsen의 역대 가장 뛰어난 헤드폰으로 선명하게 통화하세요. 심금을 울리는 사운드와 정교한 세공술 그리고 평생 사용 가능한 내구성.',1,-3),
	 (1005,'Beoplay HX Brown','Bang&Olufsen',6780,'하루 종일 사용해도 편안합니다. 35시간 동안 재생할 수 있습니다. 뛰어난 활용성. Beoplay HX는 사용자를 온전한 사운드 세상으로 이끌었다 현실 세계로 다시 데려다 줍니다.',1,-28),
	 (1006,'Beoplay Portal Black','Bang&Olufsen',6790,'Hi-Fi 3D 사운드. 앉은 자리 그대로 편안하다. Portal에 들어 오시면 나갈 생각이 안 듭니다.',1,-9),
	 (1007,'Beosound Explore Ferrari Edition','Bang&Olufsen',3599000,'방수 실외 스피커',3,0),
	 (1008,'베오사운드 A5','Bang&Olufsen',1489000,'강력한 성능의 새로운 휴대용 스피커',3,0),
	 (1009,'Beosound A9','Bang&Olufsen',4698000,'파워풀하고 미니멀한 스피커',3,0),
	 (1010,'베오사운드 밸런스','Bang&Olufsen',4198000,'훌륭한 거실용 스피커',3,5);
INSERT INTO kod.PRODUCT (PRODUCT_ID,PRODUCT_NAME,PRODUCT_BRAND,PRODUCT_PRICE,PRODUCT_INFO,CATEGORY_ID,PRODUCT_STOCK) VALUES
	 (1011,'Beosound 2','Bang&Olufsen',4298000,'우아한 홈 스피커',3,5),
	 (1012,'베오사운드 2 페라리 에디션','Bang&Olufsen',7199000,'우아한 홈 스피커',3,5),
	 (1013,'Beosound Emerge','Bang&Olufsen',1289000,'컴팩트한 WiFi 홈 스피커',3,5),
	 (1014,'Beosound A1','Bang&Olufsen',2089000,'방수 휴대용 블루투스 스피커',3,0),
	 (1015,'Beosound Explore','Bang&Olufsen',418000,'방수 실외 스피커',3,5),
	 (1016,'Beolit 20','Bang&Olufsen',278900,'강력한 블루투스 스피커',3,5),
	 (1017,'베오사운드 레벨','Bang&Olufsen',878000,'포터블 WiFi 스피커',3,5),
	 (1018,'Beosound Stage','Bang&Olufsen',2248000,'B&O 최초의 사운드바 소개',3,5),
	 (1019,'베오랩 8','Bang&Olufsen',2798000,'강력한 컴팩트 스피커',3,5),
	 (1020,'베오사운드 시어터','Bang&Olufsen',7498000,'규칙을 거부하는, 심장이 뛰게 하는 사운드바',3,5);
INSERT INTO kod.PRODUCT (PRODUCT_ID,PRODUCT_NAME,PRODUCT_BRAND,PRODUCT_PRICE,PRODUCT_INFO,CATEGORY_ID,PRODUCT_STOCK) VALUES
	 (1022,'Beoplay EX Gold','Bang&Olufsen',498000,'항상 유지되는 편안함. 언제나 나를 일깨우는 사운드. Beoplay EX는 어디에서 무엇을 하든 여러분을 좋아하는 아티스트에 좀더 가까이 데려갑니다.',2,-1),
	 (1026,'Beoplay EX Lunar Red','Bang&Olufsen',498000,'기깔나게 예쁜 강렬한 레드와 베이지의 짝짝꿍~♥',2,5),
	 (1024,'Beoplay H95 Gold','Bang&Olufsen',1448000,'Bang & Olufsen의 역대 가장 뛰어난 헤드폰으로 선명하게 통화하세요. 심금을 울리는 사운드와 정교한 세공술 그리고 평생 사용 가능한 내구성.',1,5),
	 (1025,'Beoplay HX Gold','Bang&Olufsen',678000,'하루 종일 사용해도 편안합니다. 35시간 동안 재생할 수 있습니다. 뛰어난 활용성. Beoplay HX는 사용자를 온전한 사운드 세상으로 이끌었다 현실 세계로 다시 데려다 줍니다.',1,5);
 
INSERT INTO kod.ORDERLIST (ORDERLIST_ID,MEMBER_ID,ORDERLIST_DATE) VALUES
	 (1,'ari',TIMESTAMP'2024-02-08 13:26:39'),
	 (2,'ari',TIMESTAMP'2024-02-08 13:27:31'),
	 (3,'ari',TIMESTAMP'2024-02-08 13:28:02'),
	 (4,'teemo',TIMESTAMP'2024-02-08 13:26:39'),
	 (5,'teemo',TIMESTAMP'2024-02-08 13:27:31'),
	 (6,'teemo',TIMESTAMP'2024-02-08 13:28:02'),
	 (7,'teemo',TIMESTAMP'2024-02-08 13:28:02'),
	 (8,'teemo',TIMESTAMP'2024-02-08 13:26:39'),
	 (9,'teemo',TIMESTAMP'2024-02-08 13:27:31'),
	 (10,'teemo',TIMESTAMP'2024-02-08 13:28:02');
INSERT INTO kod.ORDERLIST (ORDERLIST_ID,MEMBER_ID,ORDERLIST_DATE) VALUES
	 (11,'teemo',TIMESTAMP'2024-02-08 13:28:02'),
	 (12,'kaisa',TIMESTAMP'2024-02-08 13:28:02'),
	 (13,'kaisa',TIMESTAMP'2024-02-08 13:26:39'),
	 (14,'kaisa',TIMESTAMP'2024-02-08 13:27:31'),
	 (15,'kaisa',TIMESTAMP'2024-02-08 13:28:02'),
	 (16,'kaisa',TIMESTAMP'2024-02-08 13:28:02'),
	 (17,'garen',TIMESTAMP'2024-02-08 13:27:31'),
	 (18,'garen',TIMESTAMP'2024-02-08 13:28:02'),
	 (19,'garen',TIMESTAMP'2024-02-08 13:28:02'),
	 (20,'JG',TIMESTAMP'2024-02-08 13:27:31');
INSERT INTO kod.ORDERLIST (ORDERLIST_ID,MEMBER_ID,ORDERLIST_DATE) VALUES
	 (21,'JG',TIMESTAMP'2024-02-08 13:28:02'),
	 (22,'JG',TIMESTAMP'2024-02-08 13:28:02'),
	 (23,'JG',TIMESTAMP'2024-02-08 13:27:31'),
	 (24,'JG',TIMESTAMP'2024-02-08 13:28:02'),
	 (25,'JG',TIMESTAMP'2024-02-08 13:28:02'),
	 (26,'JA',TIMESTAMP'2024-02-08 13:27:31'),
	 (27,'JA',TIMESTAMP'2024-02-08 13:28:02'),
	 (28,'JA',TIMESTAMP'2024-02-08 13:28:02'),
	 (29,'HJ',TIMESTAMP'2024-02-08 13:27:31'),
	 (30,'HJ',TIMESTAMP'2024-02-08 13:28:02');
INSERT INTO kod.ORDERLIST (ORDERLIST_ID,MEMBER_ID,ORDERLIST_DATE) VALUES
	 (31,'HJ',TIMESTAMP'2024-02-08 13:28:02'),
	 (32,'HJ',TIMESTAMP'2024-02-08 13:27:31'),
	 (33,'HJ',TIMESTAMP'2024-02-08 13:28:02'),
	 (34,'HJ',TIMESTAMP'2024-02-08 13:28:02'),
	 (35,'teemo',TIMESTAMP'2024-02-13 15:27:35'),
	 (36,'kaisa',TIMESTAMP'2024-02-08 13:28:02'),
	 (37,'JG',TIMESTAMP'2024-02-08 13:28:02'),
	 (38,'JA',TIMESTAMP'2024-02-08 13:28:02'),
	 (39,'teemo',TIMESTAMP'2024-02-08 13:28:02'),
	 (40,'ari',TIMESTAMP'2024-02-08 13:28:02');
INSERT INTO kod.ORDERLIST (ORDERLIST_ID,MEMBER_ID,ORDERLIST_DATE) VALUES
	 (41,'HJ',TIMESTAMP'2024-02-08 13:28:02'),
	 (42,'teemo',TIMESTAMP'2024-02-08 13:28:02'),
	 (43,'teemo',TIMESTAMP'2024-02-08 13:28:02'),
	 (44,'teemo',TIMESTAMP'2024-02-14 19:47:33'),
	 (45,'teemo',TIMESTAMP'2024-02-14 20:23:24'),
	 (46,'teemo',TIMESTAMP'2024-02-14 20:24:59'),
	 (47,'ari',TIMESTAMP'2024-02-15 01:16:05'),
	 (48,'teemo',TIMESTAMP'2024-02-15 09:38:59'),
	 (49,'ari',TIMESTAMP'2024-02-15 20:11:24'),
	 (50,'teemo',TIMESTAMP'2024-02-20 10:46:17');
INSERT INTO kod.ORDERLIST (ORDERLIST_ID,MEMBER_ID,ORDERLIST_DATE) VALUES
	 (51,'teemo',TIMESTAMP'2024-02-20 10:49:01'),
	 (52,'teemo',TIMESTAMP'2024-02-21 16:48:06'),
	 (53,'teemo',TIMESTAMP'2024-02-21 16:51:07'),
	 (54,'teemo',TIMESTAMP'2024-02-23 15:50:35'),
	 (55,'teemo',TIMESTAMP'2024-02-23 15:53:13'),
	 (56,'ari',TIMESTAMP'2024-02-24 23:27:33');
     
     
INSERT INTO kod.ORDERCONTENT (ORDERCONTENT_ID,ORDERLIST_ID,PRODUCT_ID,ORDERCONTENT_CNT) VALUES
	 (1,1,1001,1),
	 (2,2,1011,2),
	 (3,3,1006,1),
	 (4,4,1011,1),
	 (5,5,1003,2),
	 (6,6,1007,1),
	 (7,7,1006,1),
	 (8,8,1008,1),
	 (9,9,1009,2),
	 (10,10,1009,1);
INSERT INTO kod.ORDERCONTENT (ORDERCONTENT_ID,ORDERLIST_ID,PRODUCT_ID,ORDERCONTENT_CNT) VALUES
	 (11,11,1012,1),
	 (12,12,1013,1),
	 (13,13,1014,1),
	 (14,14,1015,2),
	 (15,15,1018,1),
	 (16,16,1017,1),
	 (17,17,1019,2),
	 (18,18,1020,1),
	 (19,19,1022,1),
	 (20,20,1018,1);
INSERT INTO kod.ORDERCONTENT (ORDERCONTENT_ID,ORDERLIST_ID,PRODUCT_ID,ORDERCONTENT_CNT) VALUES
	 (21,21,1017,1),
	 (22,22,1019,2),
	 (23,23,1020,1),
	 (24,24,1022,1),
	 (25,25,1006,1),
	 (26,26,1008,1),
	 (27,27,1009,2),
	 (28,28,1009,1),
	 (29,29,1012,1),
	 (30,30,1013,1);
INSERT INTO kod.ORDERCONTENT (ORDERCONTENT_ID,ORDERLIST_ID,PRODUCT_ID,ORDERCONTENT_CNT) VALUES
	 (31,31,1006,1),
	 (32,32,1011,1),
	 (33,33,1003,2),
	 (34,34,1007,1),
	 (35,35,1005,1),
	 (36,36,1024,1),
	 (37,37,1024,1),
	 (38,38,1024,2),
	 (39,39,1024,3),
	 (40,42,1024,1);
INSERT INTO kod.ORDERCONTENT (ORDERCONTENT_ID,ORDERLIST_ID,PRODUCT_ID,ORDERCONTENT_CNT) VALUES
	 (41,40,1024,2),
	 (42,40,1024,1),
	 (43,43,1024,2),
	 (44,44,1004,3),
	 (45,44,1005,2),
	 (46,45,1005,4),
	 (47,46,1006,3),
	 (48,46,1005,3),
	 (49,47,1001,1),
	 (50,47,1024,1);
INSERT INTO kod.ORDERCONTENT (ORDERCONTENT_ID,ORDERLIST_ID,PRODUCT_ID,ORDERCONTENT_CNT) VALUES
	 (51,48,1001,1),
	 (52,48,1024,2),
	 (53,49,1001,1),
	 (54,50,1001,1),
	 (55,51,1022,1),
	 (56,51,1002,1),
	 (57,52,1005,6),
	 (58,53,1005,1),
	 (59,53,1006,1),
	 (60,54,1005,5);
INSERT INTO kod.ORDERCONTENT (ORDERCONTENT_ID,ORDERLIST_ID,PRODUCT_ID,ORDERCONTENT_CNT) VALUES
	 (61,55,1006,4),
	 (62,55,1005,1),
	 (63,56,1001,1),
	 (64,56,1005,5);



